timestamp,scenario,model_label,model_path,runtime,execution,temperature,n_predict,ctx,prompt_id,task_type,repeat,prompt,expected,reference_for_bertscore,output,exact_match,accuracy,keyword_overlap_discursive,wall_time_seconds,load_time_ms,prompt_eval_time_ms,prompt_tokens,prompt_tokens_per_second,eval_time_ms,eval_runs,generation_tokens_per_second,total_inference_latency_ms,ttft_warm_estimate_ms,ttft_cold_estimate_ms,timeout,return_code,raw_log_file,stressor,stressor_workers,stressor_log,inference_core,stress_core,isolation_strategy,bertscore_precision,bertscore_recall,bertscore_f1
2025-09-24T11:51:07.255857,stress_cpu_matrix_process_isolation,qwen05,/mnt/i1data/i1-edge-ai-slm/models/qwen2.5-0.5b-instruct-q4_k_m.gguf,llama.cpp/llama-completion,CPU,0.7,192,2048,arith_001,closed,1,What is 27 + 35? Answer only with the number.,62,62,62,1.0,1.0,,71.5248,62237.04,6479.93,37,5.71,512.8,2,3.9,6999.92,6736.33,68973.37,0,0,/mnt/i1data/i1-edge-ai-slm/logs/qwen_benchmark_final_raw/qwen05_baseline_cpu_final_temp_07_arith_001_run1_20250924_114955.txt,stress-ng cpu matrixprod pinned,1,/mnt/i1data/i1-edge-ai-slm/logs/stress_ng_cpu_matrix_process_isolation_temp_07_20250924_114950.log,0,1,"Process isolation using taskset: inference pinned to core 0, stress-ng pinned to core 1",,,
2025-09-24T11:51:17.419228,stress_cpu_matrix_process_isolation,qwen05,/mnt/i1data/i1-edge-ai-slm/models/qwen2.5-0.5b-instruct-q4_k_m.gguf,llama.cpp/llama-completion,CPU,0.7,192,2048,arith_001,closed,2,What is 27 + 35? Answer only with the number.,62,62,62,1.0,1.0,,10.1606,1311.45,6564.95,37,5.64,511.75,2,3.91,7084.06,6820.825,8132.275,0,0,/mnt/i1data/i1-edge-ai-slm/logs/qwen_benchmark_final_raw/qwen05_baseline_cpu_final_temp_07_arith_001_run2_20250924_114955.txt,stress-ng cpu matrixprod pinned,1,/mnt/i1data/i1-edge-ai-slm/logs/stress_ng_cpu_matrix_process_isolation_temp_07_20250924_114950.log,0,1,"Process isolation using taskset: inference pinned to core 0, stress-ng pinned to core 1",,,
2025-09-24T11:51:27.664337,stress_cpu_matrix_process_isolation,qwen05,/mnt/i1data/i1-edge-ai-slm/models/qwen2.5-0.5b-instruct-q4_k_m.gguf,llama.cpp/llama-completion,CPU,0.7,192,2048,arith_001,closed,3,What is 27 + 35? Answer only with the number.,62,62,62,1.0,1.0,,10.2425,1345.72,6515.66,37,5.68,509.92,2,3.92,7032.8,6770.62,8116.34,0,0,/mnt/i1data/i1-edge-ai-slm/logs/qwen_benchmark_final_raw/qwen05_baseline_cpu_final_temp_07_arith_001_run3_20250924_114955.txt,stress-ng cpu matrixprod pinned,1,/mnt/i1data/i1-edge-ai-slm/logs/stress_ng_cpu_matrix_process_isolation_temp_07_20250924_114950.log,0,1,"Process isolation using taskset: inference pinned to core 0, stress-ng pinned to core 1",,,
2025-09-24T11:51:37.585889,stress_cpu_matrix_process_isolation,qwen05,/mnt/i1data/i1-edge-ai-slm/models/qwen2.5-0.5b-instruct-q4_k_m.gguf,llama.cpp/llama-completion,CPU,0.7,192,2048,arith_002,closed,1,What is 14 * 6? Answer only with the number.,84,84,84,1.0,1.0,,9.9189,1291.19,6340.87,36,5.68,510.89,2,3.91,6862.74,6596.315,7887.505,0,0,/mnt/i1data/i1-edge-ai-slm/logs/qwen_benchmark_final_raw/qwen05_baseline_cpu_final_temp_07_arith_002_run1_20250924_114955.txt,stress-ng cpu matrixprod pinned,1,/mnt/i1data/i1-edge-ai-slm/logs/stress_ng_cpu_matrix_process_isolation_temp_07_20250924_114950.log,0,1,"Process isolation using taskset: inference pinned to core 0, stress-ng pinned to core 1",,,
2025-09-24T11:51:47.540376,stress_cpu_matrix_process_isolation,qwen05,/mnt/i1data/i1-edge-ai-slm/models/qwen2.5-0.5b-instruct-q4_k_m.gguf,llama.cpp/llama-completion,CPU,0.7,192,2048,arith_002,closed,2,What is 14 * 6? Answer only with the number.,84,84,94,0.0,0.0,,9.9517,1276.17,6344.81,36,5.67,512.17,2,3.9,6864.14,6600.895,7877.065,0,0,/mnt/i1data/i1-edge-ai-slm/logs/qwen_benchmark_final_raw/qwen05_baseline_cpu_final_temp_07_arith_002_run2_20250924_114955.txt,stress-ng cpu matrixprod pinned,1,/mnt/i1data/i1-edge-ai-slm/logs/stress_ng_cpu_matrix_process_isolation_temp_07_20250924_114950.log,0,1,"Process isolation using taskset: inference pinned to core 0, stress-ng pinned to core 1",,,
2025-09-24T11:51:57.432646,stress_cpu_matrix_process_isolation,qwen05,/mnt/i1data/i1-edge-ai-slm/models/qwen2.5-0.5b-instruct-q4_k_m.gguf,llama.cpp/llama-completion,CPU,0.7,192,2048,arith_002,closed,3,What is 14 * 6? Answer only with the number.,84,84,84,1.0,1.0,,9.8893,1293.3,6332.67,36,5.68,529.3,2,3.78,6869.12,6597.32,7890.62,0,0,/mnt/i1data/i1-edge-ai-slm/logs/qwen_benchmark_final_raw/qwen05_baseline_cpu_final_temp_07_arith_002_run3_20250924_114955.txt,stress-ng cpu matrixprod pinned,1,/mnt/i1data/i1-edge-ai-slm/logs/stress_ng_cpu_matrix_process_isolation_temp_07_20250924_114950.log,0,1,"Process isolation using taskset: inference pinned to core 0, stress-ng pinned to core 1",,,
2025-09-24T11:52:07.740886,stress_cpu_matrix_process_isolation,qwen05,/mnt/i1data/i1-edge-ai-slm/models/qwen2.5-0.5b-instruct-q4_k_m.gguf,llama.cpp/llama-completion,CPU,0.7,192,2048,arith_003,closed,1,What is 125 - 58? Answer only with the number.,67,67,67,1.0,1.0,,10.3054,1302.79,6665.15,38,5.7,509.14,2,3.93,7181.66,6919.72,8222.51,0,0,/mnt/i1data/i1-edge-ai-slm/logs/qwen_benchmark_final_raw/qwen05_baseline_cpu_final_temp_07_arith_003_run1_20250924_114955.txt,stress-ng cpu matrixprod pinned,1,/mnt/i1data/i1-edge-ai-slm/logs/stress_ng_cpu_matrix_process_isolation_temp_07_20250924_114950.log,0,1,"Process isolation using taskset: inference pinned to core 0, stress-ng pinned to core 1",,,
2025-09-24T11:52:18.058478,stress_cpu_matrix_process_isolation,qwen05,/mnt/i1data/i1-edge-ai-slm/models/qwen2.5-0.5b-instruct-q4_k_m.gguf,llama.cpp/llama-completion,CPU,0.7,192,2048,arith_003,closed,2,What is 125 - 58? Answer only with the number.,67,67,67,1.0,1.0,,10.3147,1302.38,6658.15,38,5.71,523.74,2,3.82,7189.18,6920.02,8222.4,0,0,/mnt/i1data/i1-edge-ai-slm/logs/qwen_benchmark_final_raw/qwen05_baseline_cpu_final_temp_07_arith_003_run2_20250924_114955.txt,stress-ng cpu matrixprod pinned,1,/mnt/i1data/i1-edge-ai-slm/logs/stress_ng_cpu_matrix_process_isolation_temp_07_20250924_114950.log,0,1,"Process isolation using taskset: inference pinned to core 0, stress-ng pinned to core 1",,,
2025-09-24T11:52:28.363223,stress_cpu_matrix_process_isolation,qwen05,/mnt/i1data/i1-edge-ai-slm/models/qwen2.5-0.5b-instruct-q4_k_m.gguf,llama.cpp/llama-completion,CPU,0.7,192,2048,arith_003,closed,3,What is 125 - 58? Answer only with the number.,67,67,67,1.0,1.0,,10.3017,1290.9,6658.47,38,5.71,508.57,2,3.93,7174.44,6912.755,8203.655,0,0,/mnt/i1data/i1-edge-ai-slm/logs/qwen_benchmark_final_raw/qwen05_baseline_cpu_final_temp_07_arith_003_run3_20250924_114955.txt,stress-ng cpu matrixprod pinned,1,/mnt/i1data/i1-edge-ai-slm/logs/stress_ng_cpu_matrix_process_isolation_temp_07_20250924_114950.log,0,1,"Process isolation using taskset: inference pinned to core 0, stress-ng pinned to core 1",,,
2025-09-24T11:52:41.877312,stress_cpu_matrix_process_isolation,qwen05,/mnt/i1data/i1-edge-ai-slm/models/qwen2.5-0.5b-instruct-q4_k_m.gguf,llama.cpp/llama-completion,CPU,0.7,192,2048,mcq_001,closed,1,"Choose A, B, C or D. Which one is a mammal? A) Shark B) Dolphin C) Eagle D) Lizard. Answer only with the letter.",B,B,A,0.0,0.0,,13.511,1380.49,10040.99,57,5.68,266.22,1,3.76,10314.4,10307.21,11687.7,0,0,/mnt/i1data/i1-edge-ai-slm/logs/qwen_benchmark_final_raw/qwen05_baseline_cpu_final_temp_07_mcq_001_run1_20250924_114955.txt,stress-ng cpu matrixprod pinned,1,/mnt/i1data/i1-edge-ai-slm/logs/stress_ng_cpu_matrix_process_isolation_temp_07_20250924_114950.log,0,1,"Process isolation using taskset: inference pinned to core 0, stress-ng pinned to core 1",,,
2025-09-24T11:52:55.346902,stress_cpu_matrix_process_isolation,qwen05,/mnt/i1data/i1-edge-ai-slm/models/qwen2.5-0.5b-instruct-q4_k_m.gguf,llama.cpp/llama-completion,CPU,0.7,192,2048,mcq_001,closed,2,"Choose A, B, C or D. Which one is a mammal? A) Shark B) Dolphin C) Eagle D) Lizard. Answer only with the letter.",B,B,C,0.0,0.0,,13.4665,1379.53,9975.71,57,5.71,257.21,1,3.89,10240.24,10232.92,11612.45,0,0,/mnt/i1data/i1-edge-ai-slm/logs/qwen_benchmark_final_raw/qwen05_baseline_cpu_final_temp_07_mcq_001_run2_20250924_114955.txt,stress-ng cpu matrixprod pinned,1,/mnt/i1data/i1-edge-ai-slm/logs/stress_ng_cpu_matrix_process_isolation_temp_07_20250924_114950.log,0,1,"Process isolation using taskset: inference pinned to core 0, stress-ng pinned to core 1",,,
2025-09-24T11:53:08.710303,stress_cpu_matrix_process_isolation,qwen05,/mnt/i1data/i1-edge-ai-slm/models/qwen2.5-0.5b-instruct-q4_k_m.gguf,llama.cpp/llama-completion,CPU,0.7,192,2048,mcq_001,closed,3,"Choose A, B, C or D. Which one is a mammal? A) Shark B) Dolphin C) Eagle D) Lizard. Answer only with the letter.",B,B,A,0.0,0.0,,13.3602,1330.61,9969.35,57,5.72,258.17,1,3.87,10234.71,10227.52,11558.13,0,0,/mnt/i1data/i1-edge-ai-slm/logs/qwen_benchmark_final_raw/qwen05_baseline_cpu_final_temp_07_mcq_001_run3_20250924_114955.txt,stress-ng cpu matrixprod pinned,1,/mnt/i1data/i1-edge-ai-slm/logs/stress_ng_cpu_matrix_process_isolation_temp_07_20250924_114950.log,0,1,"Process isolation using taskset: inference pinned to core 0, stress-ng pinned to core 1",,,
2025-09-24T11:53:21.922982,stress_cpu_matrix_process_isolation,qwen05,/mnt/i1data/i1-edge-ai-slm/models/qwen2.5-0.5b-instruct-q4_k_m.gguf,llama.cpp/llama-completion,CPU,0.7,192,2048,mcq_002,closed,1,"Choose A, B, C or D. Which planet is closest to the Sun? A) Earth B) Mars C) Mercury D) Jupiter. Answer only with the letter.",C,C,C,1.0,1.0,,13.2093,1290.11,9944.91,57,5.73,256.97,1,3.89,10209.02,10201.88,11491.99,0,0,/mnt/i1data/i1-edge-ai-slm/logs/qwen_benchmark_final_raw/qwen05_baseline_cpu_final_temp_07_mcq_002_run1_20250924_114955.txt,stress-ng cpu matrixprod pinned,1,/mnt/i1data/i1-edge-ai-slm/logs/stress_ng_cpu_matrix_process_isolation_temp_07_20250924_114950.log,0,1,"Process isolation using taskset: inference pinned to core 0, stress-ng pinned to core 1",,,
2025-09-24T11:53:35.424243,stress_cpu_matrix_process_isolation,qwen05,/mnt/i1data/i1-edge-ai-slm/models/qwen2.5-0.5b-instruct-q4_k_m.gguf,llama.cpp/llama-completion,CPU,0.7,192,2048,mcq_002,closed,2,"Choose A, B, C or D. Which planet is closest to the Sun? A) Earth B) Mars C) Mercury D) Jupiter. Answer only with the letter.",C,C,C,1.0,1.0,,13.4978,1368.26,10018.22,57,5.69,257.92,1,3.88,10283.4,10276.14,11644.4,0,0,/mnt/i1data/i1-edge-ai-slm/logs/qwen_benchmark_final_raw/qwen05_baseline_cpu_final_temp_07_mcq_002_run2_20250924_114955.txt,stress-ng cpu matrixprod pinned,1,/mnt/i1data/i1-edge-ai-slm/logs/stress_ng_cpu_matrix_process_isolation_temp_07_20250924_114950.log,0,1,"Process isolation using taskset: inference pinned to core 0, stress-ng pinned to core 1",,,
2025-09-24T11:53:48.953713,stress_cpu_matrix_process_isolation,qwen05,/mnt/i1data/i1-edge-ai-slm/models/qwen2.5-0.5b-instruct-q4_k_m.gguf,llama.cpp/llama-completion,CPU,0.7,192,2048,mcq_002,closed,3,"Choose A, B, C or D. Which planet is closest to the Sun? A) Earth B) Mars C) Mercury D) Jupiter. Answer only with the letter.",C,C,C,1.0,1.0,,13.5261,1361.9,10044.75,57,5.67,257.69,1,3.88,10309.76,10302.44,11664.34,0,0,/mnt/i1data/i1-edge-ai-slm/logs/qwen_benchmark_final_raw/qwen05_baseline_cpu_final_temp_07_mcq_002_run3_20250924_114955.txt,stress-ng cpu matrixprod pinned,1,/mnt/i1data/i1-edge-ai-slm/logs/stress_ng_cpu_matrix_process_isolation_temp_07_20250924_114950.log,0,1,"Process isolation using taskset: inference pinned to core 0, stress-ng pinned to core 1",,,
2025-09-24T11:54:04.067008,stress_cpu_matrix_process_isolation,qwen05,/mnt/i1data/i1-edge-ai-slm/models/qwen2.5-0.5b-instruct-q4_k_m.gguf,llama.cpp/llama-completion,CPU,0.7,192,2048,json_001,structured,1,Extract name and age as JSON only: Marco is 21 years old.,Marco 21,"{""name"":""Marco"",""age"":21}","```json { ""name"": ""Marco"", ""age"": 21 } ```",0.0,1.0,,15.1098,1355.84,6507.24,37,5.69,5398.23,21,3.89,11935.95,6764.2986,8120.1386,0,0,/mnt/i1data/i1-edge-ai-slm/logs/qwen_benchmark_final_raw/qwen05_baseline_cpu_final_temp_07_json_001_run1_20250924_114955.txt,stress-ng cpu matrixprod pinned,1,/mnt/i1data/i1-edge-ai-slm/logs/stress_ng_cpu_matrix_process_isolation_temp_07_20250924_114950.log,0,1,"Process isolation using taskset: inference pinned to core 0, stress-ng pinned to core 1",,,
2025-09-24T11:54:19.019692,stress_cpu_matrix_process_isolation,qwen05,/mnt/i1data/i1-edge-ai-slm/models/qwen2.5-0.5b-instruct-q4_k_m.gguf,llama.cpp/llama-completion,CPU,0.7,192,2048,json_001,structured,2,Extract name and age as JSON only: Marco is 21 years old.,Marco 21,"{""name"":""Marco"",""age"":21}","```json { ""name"": ""Marco"", ""age"": 21 } ```",0.0,1.0,,14.949,1309.04,6487.34,37,5.7,5358.73,21,3.92,11876.38,6742.5176,8051.5576,0,0,/mnt/i1data/i1-edge-ai-slm/logs/qwen_benchmark_final_raw/qwen05_baseline_cpu_final_temp_07_json_001_run2_20250924_114955.txt,stress-ng cpu matrixprod pinned,1,/mnt/i1data/i1-edge-ai-slm/logs/stress_ng_cpu_matrix_process_isolation_temp_07_20250924_114950.log,0,1,"Process isolation using taskset: inference pinned to core 0, stress-ng pinned to core 1",,,
2025-09-24T11:54:34.141492,stress_cpu_matrix_process_isolation,qwen05,/mnt/i1data/i1-edge-ai-slm/models/qwen2.5-0.5b-instruct-q4_k_m.gguf,llama.cpp/llama-completion,CPU,0.7,192,2048,json_001,structured,3,Extract name and age as JSON only: Marco is 21 years old.,Marco 21,"{""name"":""Marco"",""age"":21}","```json { ""name"": ""Marco"", ""age"": 21 } ```",0.0,1.0,,15.1182,1359.26,6479.19,37,5.71,5373.78,21,3.91,11883.69,6735.0843,8094.3443,0,0,/mnt/i1data/i1-edge-ai-slm/logs/qwen_benchmark_final_raw/qwen05_baseline_cpu_final_temp_07_json_001_run3_20250924_114955.txt,stress-ng cpu matrixprod pinned,1,/mnt/i1data/i1-edge-ai-slm/logs/stress_ng_cpu_matrix_process_isolation_temp_07_20250924_114950.log,0,1,"Process isolation using taskset: inference pinned to core 0, stress-ng pinned to core 1",,,
2025-09-24T11:54:49.388793,stress_cpu_matrix_process_isolation,qwen05,/mnt/i1data/i1-edge-ai-slm/models/qwen2.5-0.5b-instruct-q4_k_m.gguf,llama.cpp/llama-completion,CPU,0.7,192,2048,json_002,structured,1,Extract product and price as JSON only: The keyboard costs 35 euros.,keyboard 35,"{""product"":""keyboard"",""price"":35}","```json { ""product"": ""Keyboard"", ""price"": ""35 euros"" } ```",0.0,1.0,,15.2433,1312.8,6529.84,37,5.67,5632.51,22,3.91,12194.81,6785.8632,8098.6632,0,0,/mnt/i1data/i1-edge-ai-slm/logs/qwen_benchmark_final_raw/qwen05_baseline_cpu_final_temp_07_json_002_run1_20250924_114955.txt,stress-ng cpu matrixprod pinned,1,/mnt/i1data/i1-edge-ai-slm/logs/stress_ng_cpu_matrix_process_isolation_temp_07_20250924_114950.log,0,1,"Process isolation using taskset: inference pinned to core 0, stress-ng pinned to core 1",,,
2025-09-24T11:55:04.504723,stress_cpu_matrix_process_isolation,qwen05,/mnt/i1data/i1-edge-ai-slm/models/qwen2.5-0.5b-instruct-q4_k_m.gguf,llama.cpp/llama-completion,CPU,0.7,192,2048,json_002,structured,2,Extract product and price as JSON only: The keyboard costs 35 euros.,keyboard 35,"{""product"":""keyboard"",""price"":35}","```json { ""product"": ""keyboard"", ""price"": 35 } ```",0.0,1.0,,15.1121,1319.73,6515.52,37,5.68,5388.11,21,3.9,11934.47,6772.0967,8091.8267,0,0,/mnt/i1data/i1-edge-ai-slm/logs/qwen_benchmark_final_raw/qwen05_baseline_cpu_final_temp_07_json_002_run2_20250924_114955.txt,stress-ng cpu matrixprod pinned,1,/mnt/i1data/i1-edge-ai-slm/logs/stress_ng_cpu_matrix_process_isolation_temp_07_20250924_114950.log,0,1,"Process isolation using taskset: inference pinned to core 0, stress-ng pinned to core 1",,,
2025-09-24T11:55:19.525106,stress_cpu_matrix_process_isolation,qwen05,/mnt/i1data/i1-edge-ai-slm/models/qwen2.5-0.5b-instruct-q4_k_m.gguf,llama.cpp/llama-completion,CPU,0.7,192,2048,json_002,structured,3,Extract product and price as JSON only: The keyboard costs 35 euros.,keyboard 35,"{""product"":""keyboard"",""price"":35}","```json { ""product"": ""keyboard"", ""price"": ""35"" } ```",0.0,1.0,,15.0165,1347.99,6527.3,37,5.67,5390.95,21,3.9,11948.44,6784.0119,8132.0019,0,0,/mnt/i1data/i1-edge-ai-slm/logs/qwen_benchmark_final_raw/qwen05_baseline_cpu_final_temp_07_json_002_run3_20250924_114955.txt,stress-ng cpu matrixprod pinned,1,/mnt/i1data/i1-edge-ai-slm/logs/stress_ng_cpu_matrix_process_isolation_temp_07_20250924_114950.log,0,1,"Process isolation using taskset: inference pinned to core 0, stress-ng pinned to core 1",,,
2025-09-24T11:55:45.929129,stress_cpu_matrix_process_isolation,qwen05,/mnt/i1data/i1-edge-ai-slm/models/qwen2.5-0.5b-instruct-q4_k_m.gguf,llama.cpp/llama-completion,CPU,0.7,192,2048,json_003,structured,1,Extract the following information as JSON only: Luca bought a monitor for 149 euros on Monday and a mouse for 25 euros on Tuesday.,Luca monitor 149 mouse 25,"{""buyer"":""Luca"",""items"":[{""product"":""monitor"",""price"":149},{""product"":""mouse"",""price"":25}]}","```json { ""monday"": { ""price"": 149, ""description"": ""Monitor"" }, ""tuesday"": { ""price"": 25, ""description"": ""Mouse"" } } ```",0.0,0.0,,26.4001,1359.44,9117.44,52,5.7,14007.82,53,3.78,23196.97,9381.7385,10741.1785,0,0,/mnt/i1data/i1-edge-ai-slm/logs/qwen_benchmark_final_raw/qwen05_baseline_cpu_final_temp_07_json_003_run1_20250924_114955.txt,stress-ng cpu matrixprod pinned,1,/mnt/i1data/i1-edge-ai-slm/logs/stress_ng_cpu_matrix_process_isolation_temp_07_20250924_114950.log,0,1,"Process isolation using taskset: inference pinned to core 0, stress-ng pinned to core 1",,,
2025-09-24T11:56:12.719324,stress_cpu_matrix_process_isolation,qwen05,/mnt/i1data/i1-edge-ai-slm/models/qwen2.5-0.5b-instruct-q4_k_m.gguf,llama.cpp/llama-completion,CPU,0.7,192,2048,json_003,structured,2,Extract the following information as JSON only: Luca bought a monitor for 149 euros on Monday and a mouse for 25 euros on Tuesday.,Luca monitor 149 mouse 25,"{""buyer"":""Luca"",""items"":[{""product"":""monitor"",""price"":149},{""product"":""mouse"",""price"":25}]}","```json { ""monday"": { ""price"": 149, ""quantity"": 1 }, ""tuesday"": { ""price"": 25, ""quantity"": 1 } } ```",0.0,0.0,,26.7861,1317.1,9169.03,52,5.67,14374.14,53,3.69,23613.99,9440.2402,10757.3402,0,0,/mnt/i1data/i1-edge-ai-slm/logs/qwen_benchmark_final_raw/qwen05_baseline_cpu_final_temp_07_json_003_run2_20250924_114955.txt,stress-ng cpu matrixprod pinned,1,/mnt/i1data/i1-edge-ai-slm/logs/stress_ng_cpu_matrix_process_isolation_temp_07_20250924_114950.log,0,1,"Process isolation using taskset: inference pinned to core 0, stress-ng pinned to core 1",,,
2025-09-24T11:56:34.969001,stress_cpu_matrix_process_isolation,qwen05,/mnt/i1data/i1-edge-ai-slm/models/qwen2.5-0.5b-instruct-q4_k_m.gguf,llama.cpp/llama-completion,CPU,0.7,192,2048,json_003,structured,3,Extract the following information as JSON only: Luca bought a monitor for 149 euros on Monday and a mouse for 25 euros on Tuesday.,Luca monitor 149 mouse 25,"{""buyer"":""Luca"",""items"":[{""product"":""monitor"",""price"":149},{""product"":""mouse"",""price"":25}]}","```json { ""monday"": { ""price"": 149 }, ""tuesday"": { ""price"": 25 } } ```",0.0,0.0,,22.2453,1294.92,9094.45,52,5.72,9991.92,39,3.9,19139.24,9350.6531,10645.5731,0,0,/mnt/i1data/i1-edge-ai-slm/logs/qwen_benchmark_final_raw/qwen05_baseline_cpu_final_temp_07_json_003_run3_20250924_114955.txt,stress-ng cpu matrixprod pinned,1,/mnt/i1data/i1-edge-ai-slm/logs/stress_ng_cpu_matrix_process_isolation_temp_07_20250924_114950.log,0,1,"Process isolation using taskset: inference pinned to core 0, stress-ng pinned to core 1",,,
2025-09-24T11:56:48.597358,stress_cpu_matrix_process_isolation,qwen05,/mnt/i1data/i1-edge-ai-slm/models/qwen2.5-0.5b-instruct-q4_k_m.gguf,llama.cpp/llama-completion,CPU,0.7,192,2048,class_001,closed,1,"Classify the following request as one of: urgent, normal, low. Request: The system temperature is increasing and inference latency is above the expected threshold. Answer only with the class.",urgent,urgent,urgent,1.0,1.0,,13.6243,1342.99,10152.89,58,5.71,257.85,1,3.88,10418.41,10410.74,11753.73,0,0,/mnt/i1data/i1-edge-ai-slm/logs/qwen_benchmark_final_raw/qwen05_baseline_cpu_final_temp_07_class_001_run1_20250924_114955.txt,stress-ng cpu matrixprod pinned,1,/mnt/i1data/i1-edge-ai-slm/logs/stress_ng_cpu_matrix_process_isolation_temp_07_20250924_114950.log,0,1,"Process isolation using taskset: inference pinned to core 0, stress-ng pinned to core 1",,,
2025-09-24T11:57:02.641272,stress_cpu_matrix_process_isolation,qwen05,/mnt/i1data/i1-edge-ai-slm/models/qwen2.5-0.5b-instruct-q4_k_m.gguf,llama.cpp/llama-completion,CPU,0.7,192,2048,class_001,closed,2,"Classify the following request as one of: urgent, normal, low. Request: The system temperature is increasing and inference latency is above the expected threshold. Answer only with the class.",urgent,urgent,Urgent,1.0,1.0,,14.0396,1289.99,10136.89,58,5.72,767.54,3,3.91,10914.38,10392.7367,11682.7267,0,0,/mnt/i1data/i1-edge-ai-slm/logs/qwen_benchmark_final_raw/qwen05_baseline_cpu_final_temp_07_class_001_run2_20250924_114955.txt,stress-ng cpu matrixprod pinned,1,/mnt/i1data/i1-edge-ai-slm/logs/stress_ng_cpu_matrix_process_isolation_temp_07_20250924_114950.log,0,1,"Process isolation using taskset: inference pinned to core 0, stress-ng pinned to core 1",,,
2025-09-24T11:57:16.073402,stress_cpu_matrix_process_isolation,qwen05,/mnt/i1data/i1-edge-ai-slm/models/qwen2.5-0.5b-instruct-q4_k_m.gguf,llama.cpp/llama-completion,CPU,0.7,192,2048,class_001,closed,3,"Classify the following request as one of: urgent, normal, low. Request: The system temperature is increasing and inference latency is above the expected threshold. Answer only with the class.",urgent,urgent,urgent,1.0,1.0,,13.428,1279.81,10140.9,58,5.72,257.79,1,3.88,10406.25,10398.69,11678.5,0,0,/mnt/i1data/i1-edge-ai-slm/logs/qwen_benchmark_final_raw/qwen05_baseline_cpu_final_temp_07_class_001_run3_20250924_114955.txt,stress-ng cpu matrixprod pinned,1,/mnt/i1data/i1-edge-ai-slm/logs/stress_ng_cpu_matrix_process_isolation_temp_07_20250924_114950.log,0,1,"Process isolation using taskset: inference pinned to core 0, stress-ng pinned to core 1",,,
2025-09-24T11:57:29.463522,stress_cpu_matrix_process_isolation,qwen05,/mnt/i1data/i1-edge-ai-slm/models/qwen2.5-0.5b-instruct-q4_k_m.gguf,llama.cpp/llama-completion,CPU,0.7,192,2048,rt_001,closed,1,A model response must arrive within 3 seconds. The measured inference time is 4.2 seconds. Did the system meet the deadline? Answer only yes or no.,no,no,Yes.,0.0,0.0,,13.3858,1374.07,9654.68,55,5.7,515.68,2,3.88,10178.72,9912.52,11286.59,0,0,/mnt/i1data/i1-edge-ai-slm/logs/qwen_benchmark_final_raw/qwen05_baseline_cpu_final_temp_07_rt_001_run1_20250924_114955.txt,stress-ng cpu matrixprod pinned,1,/mnt/i1data/i1-edge-ai-slm/logs/stress_ng_cpu_matrix_process_isolation_temp_07_20250924_114950.log,0,1,"Process isolation using taskset: inference pinned to core 0, stress-ng pinned to core 1",,,
2025-09-24T11:57:42.737349,stress_cpu_matrix_process_isolation,qwen05,/mnt/i1data/i1-edge-ai-slm/models/qwen2.5-0.5b-instruct-q4_k_m.gguf,llama.cpp/llama-completion,CPU,0.7,192,2048,rt_001,closed,2,A model response must arrive within 3 seconds. The measured inference time is 4.2 seconds. Did the system meet the deadline? Answer only yes or no.,no,no,No.,0.0,1.0,,13.2695,1377.19,9640.5,55,5.71,515.0,2,3.88,10163.81,9898.0,11275.19,0,0,/mnt/i1data/i1-edge-ai-slm/logs/qwen_benchmark_final_raw/qwen05_baseline_cpu_final_temp_07_rt_001_run2_20250924_114955.txt,stress-ng cpu matrixprod pinned,1,/mnt/i1data/i1-edge-ai-slm/logs/stress_ng_cpu_matrix_process_isolation_temp_07_20250924_114950.log,0,1,"Process isolation using taskset: inference pinned to core 0, stress-ng pinned to core 1",,,
2025-09-24T11:57:56.103785,stress_cpu_matrix_process_isolation,qwen05,/mnt/i1data/i1-edge-ai-slm/models/qwen2.5-0.5b-instruct-q4_k_m.gguf,llama.cpp/llama-completion,CPU,0.7,192,2048,rt_001,closed,3,A model response must arrive within 3 seconds. The measured inference time is 4.2 seconds. Did the system meet the deadline? Answer only yes or no.,no,no,No.,0.0,1.0,,13.3619,1355.31,9635.12,55,5.71,523.7,2,3.82,10167.27,9896.97,11252.28,0,0,/mnt/i1data/i1-edge-ai-slm/logs/qwen_benchmark_final_raw/qwen05_baseline_cpu_final_temp_07_rt_001_run3_20250924_114955.txt,stress-ng cpu matrixprod pinned,1,/mnt/i1data/i1-edge-ai-slm/logs/stress_ng_cpu_matrix_process_isolation_temp_07_20250924_114950.log,0,1,"Process isolation using taskset: inference pinned to core 0, stress-ng pinned to core 1",,,
2025-09-24T11:58:09.302916,stress_cpu_matrix_process_isolation,qwen05,/mnt/i1data/i1-edge-ai-slm/models/qwen2.5-0.5b-instruct-q4_k_m.gguf,llama.cpp/llama-completion,CPU,0.7,192,2048,rt_002,closed,1,A model response must arrive within 5 seconds. The measured inference time is 2.8 seconds. Did the system meet the deadline? Answer only yes or no.,yes,yes,Yes.,0.0,1.0,,13.1946,1284.26,9632.43,55,5.71,522.54,2,3.83,10163.42,9893.7,11177.96,0,0,/mnt/i1data/i1-edge-ai-slm/logs/qwen_benchmark_final_raw/qwen05_baseline_cpu_final_temp_07_rt_002_run1_20250924_114955.txt,stress-ng cpu matrixprod pinned,1,/mnt/i1data/i1-edge-ai-slm/logs/stress_ng_cpu_matrix_process_isolation_temp_07_20250924_114950.log,0,1,"Process isolation using taskset: inference pinned to core 0, stress-ng pinned to core 1",,,
2025-09-24T11:58:22.224226,stress_cpu_matrix_process_isolation,qwen05,/mnt/i1data/i1-edge-ai-slm/models/qwen2.5-0.5b-instruct-q4_k_m.gguf,llama.cpp/llama-completion,CPU,0.7,192,2048,rt_002,closed,2,A model response must arrive within 5 seconds. The measured inference time is 2.8 seconds. Did the system meet the deadline? Answer only yes or no.,yes,yes,No,0.0,0.0,,12.9166,1290.06,9610.93,55,5.72,258.11,1,3.87,9876.31,9869.04,11159.1,0,0,/mnt/i1data/i1-edge-ai-slm/logs/qwen_benchmark_final_raw/qwen05_baseline_cpu_final_temp_07_rt_002_run2_20250924_114955.txt,stress-ng cpu matrixprod pinned,1,/mnt/i1data/i1-edge-ai-slm/logs/stress_ng_cpu_matrix_process_isolation_temp_07_20250924_114950.log,0,1,"Process isolation using taskset: inference pinned to core 0, stress-ng pinned to core 1",,,
2025-09-24T11:58:35.480105,stress_cpu_matrix_process_isolation,qwen05,/mnt/i1data/i1-edge-ai-slm/models/qwen2.5-0.5b-instruct-q4_k_m.gguf,llama.cpp/llama-completion,CPU,0.7,192,2048,rt_002,closed,3,A model response must arrive within 5 seconds. The measured inference time is 2.8 seconds. Did the system meet the deadline? Answer only yes or no.,yes,yes,Yes.,0.0,1.0,,13.2512,1305.21,9671.64,55,5.69,514.09,2,3.89,10194.29,9928.685,11233.895,0,0,/mnt/i1data/i1-edge-ai-slm/logs/qwen_benchmark_final_raw/qwen05_baseline_cpu_final_temp_07_rt_002_run3_20250924_114955.txt,stress-ng cpu matrixprod pinned,1,/mnt/i1data/i1-edge-ai-slm/logs/stress_ng_cpu_matrix_process_isolation_temp_07_20250924_114950.log,0,1,"Process isolation using taskset: inference pinned to core 0, stress-ng pinned to core 1",,,
2025-09-24T11:58:50.285940,stress_cpu_matrix_process_isolation,qwen05,/mnt/i1data/i1-edge-ai-slm/models/qwen2.5-0.5b-instruct-q4_k_m.gguf,llama.cpp/llama-completion,CPU,0.7,192,2048,disc_001,discursive,1,What does CPU pinning mean? Answer in one short sentence.,cpu core,CPU pinning assigns a process or thread to a specific CPU core to reduce scheduling variability.,CPU pinning refers to the practice of marking specific pins on a microprocessor to isolate and control their functionality.,,,0.5,14.801,1305.26,6021.24,34,5.65,5628.05,22,3.91,11683.43,6277.0605,7582.3205,0,0,/mnt/i1data/i1-edge-ai-slm/logs/qwen_benchmark_final_raw/qwen05_baseline_cpu_final_temp_07_disc_001_run1_20250924_114955.txt,stress-ng cpu matrixprod pinned,1,/mnt/i1data/i1-edge-ai-slm/logs/stress_ng_cpu_matrix_process_isolation_temp_07_20250924_114950.log,0,1,"Process isolation using taskset: inference pinned to core 0, stress-ng pinned to core 1",0.3599,0.4032,0.3825
2025-09-24T11:59:07.137647,stress_cpu_matrix_process_isolation,qwen05,/mnt/i1data/i1-edge-ai-slm/models/qwen2.5-0.5b-instruct-q4_k_m.gguf,llama.cpp/llama-completion,CPU,0.7,192,2048,disc_001,discursive,2,What does CPU pinning mean? Answer in one short sentence.,cpu core,CPU pinning assigns a process or thread to a specific CPU core to reduce scheduling variability.,CPU pinning refers to the practice where CPU pins are marked on the CPU to allow it to be isolated from other components or to be controlled independently.,,,0.5,16.8469,1351.93,5961.11,34,5.7,7644.58,30,3.92,13647.35,6215.9293,7567.8593,0,0,/mnt/i1data/i1-edge-ai-slm/logs/qwen_benchmark_final_raw/qwen05_baseline_cpu_final_temp_07_disc_001_run2_20250924_114955.txt,stress-ng cpu matrixprod pinned,1,/mnt/i1data/i1-edge-ai-slm/logs/stress_ng_cpu_matrix_process_isolation_temp_07_20250924_114950.log,0,1,"Process isolation using taskset: inference pinned to core 0, stress-ng pinned to core 1",0.3215,0.3936,0.3583
2025-09-24T11:59:22.089641,stress_cpu_matrix_process_isolation,qwen05,/mnt/i1data/i1-edge-ai-slm/models/qwen2.5-0.5b-instruct-q4_k_m.gguf,llama.cpp/llama-completion,CPU,0.7,192,2048,disc_001,discursive,3,What does CPU pinning mean? Answer in one short sentence.,cpu core,CPU pinning assigns a process or thread to a specific CPU core to reduce scheduling variability.,CPU pinning refers to the process of allocating specific pins to a CPU for efficient memory management and performance optimization.,,,0.5,14.9471,1300.62,6079.2,34,5.59,5737.96,22,3.83,11850.22,6340.0164,7640.6364,0,0,/mnt/i1data/i1-edge-ai-slm/logs/qwen_benchmark_final_raw/qwen05_baseline_cpu_final_temp_07_disc_001_run3_20250924_114955.txt,stress-ng cpu matrixprod pinned,1,/mnt/i1data/i1-edge-ai-slm/logs/stress_ng_cpu_matrix_process_isolation_temp_07_20250924_114950.log,0,1,"Process isolation using taskset: inference pinned to core 0, stress-ng pinned to core 1",0.4224,0.4683,0.4461
2025-09-24T11:59:38.443901,stress_cpu_matrix_process_isolation,qwen05,/mnt/i1data/i1-edge-ai-slm/models/qwen2.5-0.5b-instruct-q4_k_m.gguf,llama.cpp/llama-completion,CPU,0.7,192,2048,disc_002,discursive,1,What is latency in real-time systems? Answer in one short sentence.,response time,Latency is the time delay between an input event and the corresponding system response.,Latency in real-time systems refers to the delay between when a piece of information is requested and when it is delivered to the user.,,,0.5,16.3491,1358.42,6132.87,35,5.71,7001.1,27,3.86,13172.04,6392.17,7750.59,0,0,/mnt/i1data/i1-edge-ai-slm/logs/qwen_benchmark_final_raw/qwen05_baseline_cpu_final_temp_07_disc_002_run1_20250924_114955.txt,stress-ng cpu matrixprod pinned,1,/mnt/i1data/i1-edge-ai-slm/logs/stress_ng_cpu_matrix_process_isolation_temp_07_20250924_114950.log,0,1,"Process isolation using taskset: inference pinned to core 0, stress-ng pinned to core 1",0.4691,0.5859,0.5276
2025-09-24T11:59:54.395255,stress_cpu_matrix_process_isolation,qwen05,/mnt/i1data/i1-edge-ai-slm/models/qwen2.5-0.5b-instruct-q4_k_m.gguf,llama.cpp/llama-completion,CPU,0.7,192,2048,disc_002,discursive,2,What is latency in real-time systems? Answer in one short sentence.,response time,Latency is the time delay between an input event and the corresponding system response.,Latency refers to the time delay between the generation of the next update and the execution of that update in a real-time system.,,,0.5,15.9462,1270.29,6170.72,35,5.67,6659.94,26,3.9,12867.48,6426.8715,7697.1615,0,0,/mnt/i1data/i1-edge-ai-slm/logs/qwen_benchmark_final_raw/qwen05_baseline_cpu_final_temp_07_disc_002_run2_20250924_114955.txt,stress-ng cpu matrixprod pinned,1,/mnt/i1data/i1-edge-ai-slm/logs/stress_ng_cpu_matrix_process_isolation_temp_07_20250924_114950.log,0,1,"Process isolation using taskset: inference pinned to core 0, stress-ng pinned to core 1",0.4978,0.6223,0.5601
2025-09-24T12:00:13.184366,stress_cpu_matrix_process_isolation,qwen05,/mnt/i1data/i1-edge-ai-slm/models/qwen2.5-0.5b-instruct-q4_k_m.gguf,llama.cpp/llama-completion,CPU,0.7,192,2048,disc_002,discursive,3,What is latency in real-time systems? Answer in one short sentence.,response time,Latency is the time delay between an input event and the corresponding system response.,"Latency in real-time systems refers to the delay between the arrival of a request and its completion in a system with real-time requirements, such as audio, video, or gaming performance.",,,0.5,18.7839,1325.57,6152.68,35,5.69,9509.57,37,3.89,15712.4,6409.6954,7735.2654,0,0,/mnt/i1data/i1-edge-ai-slm/logs/qwen_benchmark_final_raw/qwen05_baseline_cpu_final_temp_07_disc_002_run3_20250924_114955.txt,stress-ng cpu matrixprod pinned,1,/mnt/i1data/i1-edge-ai-slm/logs/stress_ng_cpu_matrix_process_isolation_temp_07_20250924_114950.log,0,1,"Process isolation using taskset: inference pinned to core 0, stress-ng pinned to core 1",0.2697,0.5873,0.4247
2025-09-24T12:00:33.005315,stress_cpu_matrix_process_isolation,qwen05,/mnt/i1data/i1-edge-ai-slm/models/qwen2.5-0.5b-instruct-q4_k_m.gguf,llama.cpp/llama-completion,CPU,0.7,192,2048,disc_003,discursive,1,Explain in two short sentences why CPU interference can increase inference latency on an embedded board.,cpu cache memory,"CPU interference can increase inference latency because the model shares cores, caches and memory bandwidth with other processes. This contention delays prompt processing and token generation.","CPU interference can increase inference latency on an embedded board because it causes the CPU to pause while it waits for an interrupt, which can significantly increase the time it takes to complete an inference task.",,,0.3333,19.8155,1307.92,6836.95,39,5.7,9744.48,38,3.9,16633.17,7093.3837,8401.3037,0,0,/mnt/i1data/i1-edge-ai-slm/logs/qwen_benchmark_final_raw/qwen05_baseline_cpu_final_temp_07_disc_003_run1_20250924_114955.txt,stress-ng cpu matrixprod pinned,1,/mnt/i1data/i1-edge-ai-slm/logs/stress_ng_cpu_matrix_process_isolation_temp_07_20250924_114950.log,0,1,"Process isolation using taskset: inference pinned to core 0, stress-ng pinned to core 1",0.4128,0.3423,0.3783
2025-09-24T12:00:53.618698,stress_cpu_matrix_process_isolation,qwen05,/mnt/i1data/i1-edge-ai-slm/models/qwen2.5-0.5b-instruct-q4_k_m.gguf,llama.cpp/llama-completion,CPU,0.7,192,2048,disc_003,discursive,2,Explain in two short sentences why CPU interference can increase inference latency on an embedded board.,cpu cache memory,"CPU interference can increase inference latency because the model shares cores, caches and memory bandwidth with other processes. This contention delays prompt processing and token generation.","CPU interference can increase inference latency on an embedded board because it may cause issues such as increased computational load or reduced signal-to-noise ratio, leading to slower processing speeds and higher latency in the inference stage.",,,0.3333,20.608,1345.18,6873.01,39,5.67,10512.83,41,3.9,17441.81,7129.4205,8474.6005,0,0,/mnt/i1data/i1-edge-ai-slm/logs/qwen_benchmark_final_raw/qwen05_baseline_cpu_final_temp_07_disc_003_run2_20250924_114955.txt,stress-ng cpu matrixprod pinned,1,/mnt/i1data/i1-edge-ai-slm/logs/stress_ng_cpu_matrix_process_isolation_temp_07_20250924_114950.log,0,1,"Process isolation using taskset: inference pinned to core 0, stress-ng pinned to core 1",0.3336,0.3876,0.3615
2025-09-24T12:01:15.246428,stress_cpu_matrix_process_isolation,qwen05,/mnt/i1data/i1-edge-ai-slm/models/qwen2.5-0.5b-instruct-q4_k_m.gguf,llama.cpp/llama-completion,CPU,0.7,192,2048,disc_003,discursive,3,Explain in two short sentences why CPU interference can increase inference latency on an embedded board.,cpu cache memory,"CPU interference can increase inference latency because the model shares cores, caches and memory bandwidth with other processes. This contention delays prompt processing and token generation.","CPU interference, such as power fluctuations or thermal issues, can increase inference latency on an embedded board because it hinders the processor's ability to process and interpret data effectively, leading to slower execution times and increased latency in inference tasks.",,,0.3333,21.6221,1290.43,6814.61,39,5.72,11729.65,46,3.92,18605.37,7069.6024,8360.0324,0,0,/mnt/i1data/i1-edge-ai-slm/logs/qwen_benchmark_final_raw/qwen05_baseline_cpu_final_temp_07_disc_003_run3_20250924_114955.txt,stress-ng cpu matrixprod pinned,1,/mnt/i1data/i1-edge-ai-slm/logs/stress_ng_cpu_matrix_process_isolation_temp_07_20250924_114950.log,0,1,"Process isolation using taskset: inference pinned to core 0, stress-ng pinned to core 1",0.3608,0.3674,0.3651
2025-09-24T12:01:56.979096,stress_cpu_matrix_process_isolation,qwen05,/mnt/i1data/i1-edge-ai-slm/models/qwen2.5-0.5b-instruct-q4_k_m.gguf,llama.cpp/llama-completion,CPU,0.7,192,2048,disc_004,discursive,1,Explain the difference between throughput and latency in AI inference using one short paragraph.,throughput latency,"Latency measures how long one inference takes from input to output, while throughput measures how many tokens or requests are processed per unit of time. A system can have high throughput but still be unsuitable for real-time use if individual responses arrive too late.","Throughput refers to the amount of data that can be processed in a given time frame, often measured in gigabytes per second (GB/s). It represents the total amount of data that can be transferred from the client to the server in a short period of time. Latency, on the other hand, is the time it takes for data to be processed by the inference model, typically measured in milliseconds (ms). It is the time it takes for the data to reach the model from the client or the server, and it can be affected by various factors such as network latency, server load, or hardware limitations.",,,1.0,41.7269,1351.81,6506.5,37,5.69,31850.62,123,3.86,38513.99,6765.4481,8117.2581,0,0,/mnt/i1data/i1-edge-ai-slm/logs/qwen_benchmark_final_raw/qwen05_baseline_cpu_final_temp_07_disc_004_run1_20250924_114955.txt,stress-ng cpu matrixprod pinned,1,/mnt/i1data/i1-edge-ai-slm/logs/stress_ng_cpu_matrix_process_isolation_temp_07_20250924_114950.log,0,1,"Process isolation using taskset: inference pinned to core 0, stress-ng pinned to core 1",0.0669,0.1485,0.1088
2025-09-24T12:02:32.386789,stress_cpu_matrix_process_isolation,qwen05,/mnt/i1data/i1-edge-ai-slm/models/qwen2.5-0.5b-instruct-q4_k_m.gguf,llama.cpp/llama-completion,CPU,0.7,192,2048,disc_004,discursive,2,Explain the difference between throughput and latency in AI inference using one short paragraph.,throughput latency,"Latency measures how long one inference takes from input to output, while throughput measures how many tokens or requests are processed per unit of time. A system can have high throughput but still be unsuitable for real-time use if individual responses arrive too late.","Throughput refers to the amount of data processed per unit of time, while latency refers to the time it takes to process the data. In AI inference, throughput measures the speed at which the AI model can process data, while latency measures the time it takes to complete the processing of data. In many cases, high throughput and low latency are desired, but not all systems require them simultaneously. In some cases, a trade-off may need to be made between throughput and latency to achieve optimal performance.",,,1.0,35.4018,1359.04,6488.3,37,5.7,25563.68,99,3.87,32179.12,6746.519,8105.559,0,0,/mnt/i1data/i1-edge-ai-slm/logs/qwen_benchmark_final_raw/qwen05_baseline_cpu_final_temp_07_disc_004_run2_20250924_114955.txt,stress-ng cpu matrixprod pinned,1,/mnt/i1data/i1-edge-ai-slm/logs/stress_ng_cpu_matrix_process_isolation_temp_07_20250924_114950.log,0,1,"Process isolation using taskset: inference pinned to core 0, stress-ng pinned to core 1",0.2514,0.2298,0.2418
2025-09-24T12:03:03.226038,stress_cpu_matrix_process_isolation,qwen05,/mnt/i1data/i1-edge-ai-slm/models/qwen2.5-0.5b-instruct-q4_k_m.gguf,llama.cpp/llama-completion,CPU,0.7,192,2048,disc_004,discursive,3,Explain the difference between throughput and latency in AI inference using one short paragraph.,throughput latency,"Latency measures how long one inference takes from input to output, while throughput measures how many tokens or requests are processed per unit of time. A system can have high throughput but still be unsuitable for real-time use if individual responses arrive too late.","Throughput measures the number of tasks processed per unit of time, typically measured in units of time per unit of data, like seconds per task. Latency measures the time it takes to complete a task, typically measured in units of time, like milliseconds per task. These metrics are critical for determining the efficiency of AI inference in real-world applications, where throughput can be important, but latency is less relevant.",,,1.0,30.8333,1351.84,6522.76,37,5.67,20974.53,81,3.86,27601.64,6781.7048,8133.5448,0,0,/mnt/i1data/i1-edge-ai-slm/logs/qwen_benchmark_final_raw/qwen05_baseline_cpu_final_temp_07_disc_004_run3_20250924_114955.txt,stress-ng cpu matrixprod pinned,1,/mnt/i1data/i1-edge-ai-slm/logs/stress_ng_cpu_matrix_process_isolation_temp_07_20250924_114950.log,0,1,"Process isolation using taskset: inference pinned to core 0, stress-ng pinned to core 1",0.2021,0.2518,0.2281
