timestamp,scenario,model_label,model_path,runtime,execution,temperature,n_predict,ctx,prompt_id,task_type,repeat,prompt,expected,reference_for_bertscore,output,exact_match,accuracy,keyword_overlap_discursive,wall_time_seconds,load_time_ms,prompt_eval_time_ms,prompt_tokens,prompt_tokens_per_second,eval_time_ms,eval_runs,generation_tokens_per_second,total_inference_latency_ms,ttft_warm_estimate_ms,ttft_cold_estimate_ms,timeout,return_code,raw_log_file,stressor,stressor_workers,stressor_log,bertscore_precision,bertscore_recall,bertscore_f1
2025-09-24T12:32:12.393821,stress_cpu_matrix,qwen05,/mnt/i1data/i1-edge-ai-slm/models/qwen2.5-0.5b-instruct-q4_k_m.gguf,llama.cpp/llama-completion,CPU,0.7,192,2048,arith_001,closed,1,What is 27 + 35? Answer only with the number.,62,62,62,1.0,1.0,,73.1407,62762.85,6570.68,37,5.63,573.08,2,3.49,7149.6,6857.22,69620.07,0,0,/mnt/i1data/i1-edge-ai-slm/logs/qwen_benchmark_final_raw/qwen05_baseline_cpu_final_temp_07_arith_001_run1_20250924_123059.txt,stress-ng cpu matrixprod,2,/mnt/i1data/i1-edge-ai-slm/logs/stress_ng_cpu_matrix_temp_07_20250924_123053.log,,,
2025-09-24T12:32:24.364632,stress_cpu_matrix,qwen05,/mnt/i1data/i1-edge-ai-slm/models/qwen2.5-0.5b-instruct-q4_k_m.gguf,llama.cpp/llama-completion,CPU,0.7,192,2048,arith_001,closed,2,What is 27 + 35? Answer only with the number.,62,62,62,1.0,1.0,,11.9593,1777.89,6646.8,37,5.57,886.98,2,2.25,7541.07,7090.29,8868.18,0,0,/mnt/i1data/i1-edge-ai-slm/logs/qwen_benchmark_final_raw/qwen05_baseline_cpu_final_temp_07_arith_001_run2_20250924_123059.txt,stress-ng cpu matrixprod,2,/mnt/i1data/i1-edge-ai-slm/logs/stress_ng_cpu_matrix_temp_07_20250924_123053.log,,,
2025-09-24T12:32:36.319591,stress_cpu_matrix,qwen05,/mnt/i1data/i1-edge-ai-slm/models/qwen2.5-0.5b-instruct-q4_k_m.gguf,llama.cpp/llama-completion,CPU,0.7,192,2048,arith_001,closed,3,What is 27 + 35? Answer only with the number.,62,62,62,1.0,1.0,,11.9527,1772.14,6586.04,37,5.62,911.3,2,2.19,7504.44,7041.69,8813.83,0,0,/mnt/i1data/i1-edge-ai-slm/logs/qwen_benchmark_final_raw/qwen05_baseline_cpu_final_temp_07_arith_001_run3_20250924_123059.txt,stress-ng cpu matrixprod,2,/mnt/i1data/i1-edge-ai-slm/logs/stress_ng_cpu_matrix_temp_07_20250924_123053.log,,,
2025-09-24T12:32:47.728250,stress_cpu_matrix,qwen05,/mnt/i1data/i1-edge-ai-slm/models/qwen2.5-0.5b-instruct-q4_k_m.gguf,llama.cpp/llama-completion,CPU,0.7,192,2048,arith_002,closed,1,What is 14 * 6? Answer only with the number.,84,84,84,1.0,1.0,,11.4064,1691.51,6378.78,36,5.64,574.42,2,3.48,6966.17,6665.99,8357.5,0,0,/mnt/i1data/i1-edge-ai-slm/logs/qwen_benchmark_final_raw/qwen05_baseline_cpu_final_temp_07_arith_002_run1_20250924_123059.txt,stress-ng cpu matrixprod,2,/mnt/i1data/i1-edge-ai-slm/logs/stress_ng_cpu_matrix_temp_07_20250924_123053.log,,,
2025-09-24T12:32:59.582729,stress_cpu_matrix,qwen05,/mnt/i1data/i1-edge-ai-slm/models/qwen2.5-0.5b-instruct-q4_k_m.gguf,llama.cpp/llama-completion,CPU,0.7,192,2048,arith_002,closed,2,What is 14 * 6? Answer only with the number.,84,84,90,0.0,0.0,,11.852,1861.92,6481.07,36,5.55,898.05,2,2.23,7387.02,6930.095,8792.015,0,0,/mnt/i1data/i1-edge-ai-slm/logs/qwen_benchmark_final_raw/qwen05_baseline_cpu_final_temp_07_arith_002_run2_20250924_123059.txt,stress-ng cpu matrixprod,2,/mnt/i1data/i1-edge-ai-slm/logs/stress_ng_cpu_matrix_temp_07_20250924_123053.log,,,
2025-09-24T12:33:11.490256,stress_cpu_matrix,qwen05,/mnt/i1data/i1-edge-ai-slm/models/qwen2.5-0.5b-instruct-q4_k_m.gguf,llama.cpp/llama-completion,CPU,0.7,192,2048,arith_002,closed,3,What is 14 * 6? Answer only with the number.,84,84,84,1.0,1.0,,11.9051,1875.04,6399.4,36,5.63,897.66,2,2.23,7304.68,6848.23,8723.27,0,0,/mnt/i1data/i1-edge-ai-slm/logs/qwen_benchmark_final_raw/qwen05_baseline_cpu_final_temp_07_arith_002_run3_20250924_123059.txt,stress-ng cpu matrixprod,2,/mnt/i1data/i1-edge-ai-slm/logs/stress_ng_cpu_matrix_temp_07_20250924_123053.log,,,
2025-09-24T12:33:23.869761,stress_cpu_matrix,qwen05,/mnt/i1data/i1-edge-ai-slm/models/qwen2.5-0.5b-instruct-q4_k_m.gguf,llama.cpp/llama-completion,CPU,0.7,192,2048,arith_003,closed,1,What is 125 - 58? Answer only with the number.,67,67,67,1.0,1.0,,12.3771,1995.63,6842.69,38,5.55,902.17,2,2.22,7753.28,7293.775,9289.405,0,0,/mnt/i1data/i1-edge-ai-slm/logs/qwen_benchmark_final_raw/qwen05_baseline_cpu_final_temp_07_arith_003_run1_20250924_123059.txt,stress-ng cpu matrixprod,2,/mnt/i1data/i1-edge-ai-slm/logs/stress_ng_cpu_matrix_temp_07_20250924_123053.log,,,
2025-09-24T12:33:36.094618,stress_cpu_matrix,qwen05,/mnt/i1data/i1-edge-ai-slm/models/qwen2.5-0.5b-instruct-q4_k_m.gguf,llama.cpp/llama-completion,CPU,0.7,192,2048,arith_003,closed,2,What is 125 - 58? Answer only with the number.,67,67,67,1.0,1.0,,12.2222,2008.63,6732.1,38,5.64,898.06,2,2.23,7637.19,7181.13,9189.76,0,0,/mnt/i1data/i1-edge-ai-slm/logs/qwen_benchmark_final_raw/qwen05_baseline_cpu_final_temp_07_arith_003_run2_20250924_123059.txt,stress-ng cpu matrixprod,2,/mnt/i1data/i1-edge-ai-slm/logs/stress_ng_cpu_matrix_temp_07_20250924_123053.log,,,
2025-09-24T12:33:48.270004,stress_cpu_matrix,qwen05,/mnt/i1data/i1-edge-ai-slm/models/qwen2.5-0.5b-instruct-q4_k_m.gguf,llama.cpp/llama-completion,CPU,0.7,192,2048,arith_003,closed,3,What is 125 - 58? Answer only with the number.,67,67,67,1.0,1.0,,12.1726,1798.48,6853.09,38,5.54,887.45,2,2.25,7748.17,7296.815,9095.295,0,0,/mnt/i1data/i1-edge-ai-slm/logs/qwen_benchmark_final_raw/qwen05_baseline_cpu_final_temp_07_arith_003_run3_20250924_123059.txt,stress-ng cpu matrixprod,2,/mnt/i1data/i1-edge-ai-slm/logs/stress_ng_cpu_matrix_temp_07_20250924_123053.log,,,
2025-09-24T12:34:03.369918,stress_cpu_matrix,qwen05,/mnt/i1data/i1-edge-ai-slm/models/qwen2.5-0.5b-instruct-q4_k_m.gguf,llama.cpp/llama-completion,CPU,0.7,192,2048,mcq_001,closed,1,"Choose A, B, C or D. Which one is a mammal? A) Shark B) Dolphin C) Eagle D) Lizard. Answer only with the letter.",B,B,A,0.0,0.0,,15.0972,1873.35,10031.36,57,5.68,457.36,1,2.19,10495.59,10488.72,12362.07,0,0,/mnt/i1data/i1-edge-ai-slm/logs/qwen_benchmark_final_raw/qwen05_baseline_cpu_final_temp_07_mcq_001_run1_20250924_123059.txt,stress-ng cpu matrixprod,2,/mnt/i1data/i1-edge-ai-slm/logs/stress_ng_cpu_matrix_temp_07_20250924_123053.log,,,
2025-09-24T12:34:18.280109,stress_cpu_matrix,qwen05,/mnt/i1data/i1-edge-ai-slm/models/qwen2.5-0.5b-instruct-q4_k_m.gguf,llama.cpp/llama-completion,CPU,0.7,192,2048,mcq_001,closed,2,"Choose A, B, C or D. Which one is a mammal? A) Shark B) Dolphin C) Eagle D) Lizard. Answer only with the letter.",B,B,A,0.0,0.0,,14.9072,1841.66,9992.6,57,5.7,282.88,1,3.54,10281.97,10275.48,12117.14,0,0,/mnt/i1data/i1-edge-ai-slm/logs/qwen_benchmark_final_raw/qwen05_baseline_cpu_final_temp_07_mcq_001_run2_20250924_123059.txt,stress-ng cpu matrixprod,2,/mnt/i1data/i1-edge-ai-slm/logs/stress_ng_cpu_matrix_temp_07_20250924_123053.log,,,
2025-09-24T12:34:33.254870,stress_cpu_matrix,qwen05,/mnt/i1data/i1-edge-ai-slm/models/qwen2.5-0.5b-instruct-q4_k_m.gguf,llama.cpp/llama-completion,CPU,0.7,192,2048,mcq_001,closed,3,"Choose A, B, C or D. Which one is a mammal? A) Shark B) Dolphin C) Eagle D) Lizard. Answer only with the letter.",B,B,A,0.0,0.0,,14.972,1799.31,10137.28,57,5.62,445.6,1,2.24,10590.5,10582.88,12382.19,0,0,/mnt/i1data/i1-edge-ai-slm/logs/qwen_benchmark_final_raw/qwen05_baseline_cpu_final_temp_07_mcq_001_run3_20250924_123059.txt,stress-ng cpu matrixprod,2,/mnt/i1data/i1-edge-ai-slm/logs/stress_ng_cpu_matrix_temp_07_20250924_123053.log,,,
2025-09-24T12:34:48.194269,stress_cpu_matrix,qwen05,/mnt/i1data/i1-edge-ai-slm/models/qwen2.5-0.5b-instruct-q4_k_m.gguf,llama.cpp/llama-completion,CPU,0.7,192,2048,mcq_002,closed,1,"Choose A, B, C or D. Which planet is closest to the Sun? A) Earth B) Mars C) Mercury D) Jupiter. Answer only with the letter.",C,C,C,1.0,1.0,,14.9362,1853.44,9981.8,57,5.71,280.52,1,3.56,10278.07,10262.32,12115.76,0,0,/mnt/i1data/i1-edge-ai-slm/logs/qwen_benchmark_final_raw/qwen05_baseline_cpu_final_temp_07_mcq_002_run1_20250924_123059.txt,stress-ng cpu matrixprod,2,/mnt/i1data/i1-edge-ai-slm/logs/stress_ng_cpu_matrix_temp_07_20250924_123053.log,,,
2025-09-24T12:35:03.360200,stress_cpu_matrix,qwen05,/mnt/i1data/i1-edge-ai-slm/models/qwen2.5-0.5b-instruct-q4_k_m.gguf,llama.cpp/llama-completion,CPU,0.7,192,2048,mcq_002,closed,2,"Choose A, B, C or D. Which planet is closest to the Sun? A) Earth B) Mars C) Mercury D) Jupiter. Answer only with the letter.",C,C,C,1.0,1.0,,15.1626,1837.33,10139.74,57,5.62,446.34,1,2.24,10593.76,10586.08,12423.41,0,0,/mnt/i1data/i1-edge-ai-slm/logs/qwen_benchmark_final_raw/qwen05_baseline_cpu_final_temp_07_mcq_002_run2_20250924_123059.txt,stress-ng cpu matrixprod,2,/mnt/i1data/i1-edge-ai-slm/logs/stress_ng_cpu_matrix_temp_07_20250924_123053.log,,,
2025-09-24T12:35:18.133564,stress_cpu_matrix,qwen05,/mnt/i1data/i1-edge-ai-slm/models/qwen2.5-0.5b-instruct-q4_k_m.gguf,llama.cpp/llama-completion,CPU,0.7,192,2048,mcq_002,closed,3,"Choose A, B, C or D. Which planet is closest to the Sun? A) Earth B) Mars C) Mercury D) Jupiter. Answer only with the letter.",C,C,C,1.0,1.0,,14.7702,1674.1,9970.84,57,5.72,271.12,1,3.69,10245.2,10241.96,11916.06,0,0,/mnt/i1data/i1-edge-ai-slm/logs/qwen_benchmark_final_raw/qwen05_baseline_cpu_final_temp_07_mcq_002_run3_20250924_123059.txt,stress-ng cpu matrixprod,2,/mnt/i1data/i1-edge-ai-slm/logs/stress_ng_cpu_matrix_temp_07_20250924_123053.log,,,
2025-09-24T12:35:38.864216,stress_cpu_matrix,qwen05,/mnt/i1data/i1-edge-ai-slm/models/qwen2.5-0.5b-instruct-q4_k_m.gguf,llama.cpp/llama-completion,CPU,0.7,192,2048,json_001,structured,1,Extract name and age as JSON only: Marco is 21 years old.,Marco 21,"{""name"":""Marco"",""age"":21}","```json { ""name"": ""Marco"", ""age"": 21 } ```",0.0,1.0,,20.7276,1849.74,6702.78,37,5.52,9364.59,21,2.24,16100.12,7148.7129,8998.4529,0,0,/mnt/i1data/i1-edge-ai-slm/logs/qwen_benchmark_final_raw/qwen05_baseline_cpu_final_temp_07_json_001_run1_20250924_123059.txt,stress-ng cpu matrixprod,2,/mnt/i1data/i1-edge-ai-slm/logs/stress_ng_cpu_matrix_temp_07_20250924_123053.log,,,
2025-09-24T12:35:58.096785,stress_cpu_matrix,qwen05,/mnt/i1data/i1-edge-ai-slm/models/qwen2.5-0.5b-instruct-q4_k_m.gguf,llama.cpp/llama-completion,CPU,0.7,192,2048,json_001,structured,2,Extract name and age as JSON only: Marco is 21 years old.,Marco 21,"{""name"":""Marco"",""age"":21}","```json { ""name"": ""Marco"", ""age"": 21 } ```",0.0,1.0,,19.2292,1722.95,6587.08,37,5.62,8261.32,21,2.54,14893.67,6980.4762,8703.4262,0,0,/mnt/i1data/i1-edge-ai-slm/logs/qwen_benchmark_final_raw/qwen05_baseline_cpu_final_temp_07_json_001_run2_20250924_123059.txt,stress-ng cpu matrixprod,2,/mnt/i1data/i1-edge-ai-slm/logs/stress_ng_cpu_matrix_temp_07_20250924_123053.log,,,
2025-09-24T12:36:18.667785,stress_cpu_matrix,qwen05,/mnt/i1data/i1-edge-ai-slm/models/qwen2.5-0.5b-instruct-q4_k_m.gguf,llama.cpp/llama-completion,CPU,0.7,192,2048,json_001,structured,3,Extract name and age as JSON only: Marco is 21 years old.,Marco 21,"{""name"":""Marco"",""age"":21}","```json { ""name"": ""Marco"", ""age"": 21 } ```",0.0,1.0,,20.5677,1857.86,6712.98,37,5.51,9342.97,21,2.25,16088.58,7157.8833,9015.7433,0,0,/mnt/i1data/i1-edge-ai-slm/logs/qwen_benchmark_final_raw/qwen05_baseline_cpu_final_temp_07_json_001_run3_20250924_123059.txt,stress-ng cpu matrixprod,2,/mnt/i1data/i1-edge-ai-slm/logs/stress_ng_cpu_matrix_temp_07_20250924_123053.log,,,
2025-09-24T12:36:37.526770,stress_cpu_matrix,qwen05,/mnt/i1data/i1-edge-ai-slm/models/qwen2.5-0.5b-instruct-q4_k_m.gguf,llama.cpp/llama-completion,CPU,0.7,192,2048,json_002,structured,1,Extract product and price as JSON only: The keyboard costs 35 euros.,keyboard 35,"{""product"":""keyboard"",""price"":35}","```json { ""product"": ""keyboard"", ""price"": 35 } ```",0.0,1.0,,18.8557,1631.02,6508.19,37,5.69,7952.68,21,2.64,14498.25,6886.889,8517.909,0,0,/mnt/i1data/i1-edge-ai-slm/logs/qwen_benchmark_final_raw/qwen05_baseline_cpu_final_temp_07_json_002_run1_20250924_123059.txt,stress-ng cpu matrixprod,2,/mnt/i1data/i1-edge-ai-slm/logs/stress_ng_cpu_matrix_temp_07_20250924_123053.log,,,
2025-09-24T12:36:55.286651,stress_cpu_matrix,qwen05,/mnt/i1data/i1-edge-ai-slm/models/qwen2.5-0.5b-instruct-q4_k_m.gguf,llama.cpp/llama-completion,CPU,0.7,192,2048,json_002,structured,2,Extract product and price as JSON only: The keyboard costs 35 euros.,keyboard 35,"{""product"":""keyboard"",""price"":35}","```json { ""product"": ""keyboard"", ""price"": ""35"" } ```",0.0,1.0,,17.7564,1872.56,6673.44,37,5.54,6327.04,21,3.32,13053.92,6974.7276,8847.2876,0,0,/mnt/i1data/i1-edge-ai-slm/logs/qwen_benchmark_final_raw/qwen05_baseline_cpu_final_temp_07_json_002_run2_20250924_123059.txt,stress-ng cpu matrixprod,2,/mnt/i1data/i1-edge-ai-slm/logs/stress_ng_cpu_matrix_temp_07_20250924_123053.log,,,
2025-09-24T12:37:15.596962,stress_cpu_matrix,qwen05,/mnt/i1data/i1-edge-ai-slm/models/qwen2.5-0.5b-instruct-q4_k_m.gguf,llama.cpp/llama-completion,CPU,0.7,192,2048,json_002,structured,3,Extract product and price as JSON only: The keyboard costs 35 euros.,keyboard 35,"{""product"":""keyboard"",""price"":35}","```json { ""product"": ""keyboard"", ""price"": 35 } ```",0.0,1.0,,20.3066,1795.93,6674.77,37,5.54,9319.52,21,2.25,16028.98,7118.5567,8914.4867,0,0,/mnt/i1data/i1-edge-ai-slm/logs/qwen_benchmark_final_raw/qwen05_baseline_cpu_final_temp_07_json_002_run3_20250924_123059.txt,stress-ng cpu matrixprod,2,/mnt/i1data/i1-edge-ai-slm/logs/stress_ng_cpu_matrix_temp_07_20250924_123053.log,,,
2025-09-24T12:37:53.350431,stress_cpu_matrix,qwen05,/mnt/i1data/i1-edge-ai-slm/models/qwen2.5-0.5b-instruct-q4_k_m.gguf,llama.cpp/llama-completion,CPU,0.7,192,2048,json_003,structured,1,Extract the following information as JSON only: Luca bought a monitor for 149 euros on Monday and a mouse for 25 euros on Tuesday.,Luca monitor 149 mouse 25,"{""buyer"":""Luca"",""items"":[{""product"":""monitor"",""price"":149},{""product"":""mouse"",""price"":25}]}","```json { ""monday"": { ""cost"": 149, ""items"": [""monitor""] }, ""tuesday"": { ""cost"": 25, ""items"": [""mouse""] } } ```",0.0,0.0,,37.7498,1902.66,9142.61,52,5.69,23955.92,53,2.21,33165.88,9594.6085,11497.2685,0,0,/mnt/i1data/i1-edge-ai-slm/logs/qwen_benchmark_final_raw/qwen05_baseline_cpu_final_temp_07_json_003_run1_20250924_123059.txt,stress-ng cpu matrixprod,2,/mnt/i1data/i1-edge-ai-slm/logs/stress_ng_cpu_matrix_temp_07_20250924_123053.log,,,
2025-09-24T12:38:24.451835,stress_cpu_matrix,qwen05,/mnt/i1data/i1-edge-ai-slm/models/qwen2.5-0.5b-instruct-q4_k_m.gguf,llama.cpp/llama-completion,CPU,0.7,192,2048,json_003,structured,2,Extract the following information as JSON only: Luca bought a monitor for 149 euros on Monday and a mouse for 25 euros on Tuesday.,Luca monitor 149 mouse 25,"{""buyer"":""Luca"",""items"":[{""product"":""monitor"",""price"":149},{""product"":""mouse"",""price"":25}]}","```json { ""monday"": { ""cost"": 149 }, ""tuesday"": { ""cost"": 25 } } ```",0.0,0.0,,31.0976,1780.01,9144.71,52,5.69,17640.31,39,2.21,26837.78,9597.0256,11377.0356,0,0,/mnt/i1data/i1-edge-ai-slm/logs/qwen_benchmark_final_raw/qwen05_baseline_cpu_final_temp_07_json_003_run2_20250924_123059.txt,stress-ng cpu matrixprod,2,/mnt/i1data/i1-edge-ai-slm/logs/stress_ng_cpu_matrix_temp_07_20250924_123053.log,,,
2025-09-24T12:38:58.422390,stress_cpu_matrix,qwen05,/mnt/i1data/i1-edge-ai-slm/models/qwen2.5-0.5b-instruct-q4_k_m.gguf,llama.cpp/llama-completion,CPU,0.7,192,2048,json_003,structured,3,Extract the following information as JSON only: Luca bought a monitor for 149 euros on Monday and a mouse for 25 euros on Tuesday.,Luca monitor 149 mouse 25,"{""buyer"":""Luca"",""items"":[{""product"":""monitor"",""price"":149},{""product"":""mouse"",""price"":25}]}","```json { ""monitor"": { ""price"": 149, ""date"": ""Monday"" }, ""mouse"": { ""price"": 25, ""date"": ""Tuesday"" } } ```",0.0,0.0,,33.967,1708.09,9106.98,52,5.71,20664.78,51,2.47,29901.88,9512.1718,11220.2618,0,0,/mnt/i1data/i1-edge-ai-slm/logs/qwen_benchmark_final_raw/qwen05_baseline_cpu_final_temp_07_json_003_run3_20250924_123059.txt,stress-ng cpu matrixprod,2,/mnt/i1data/i1-edge-ai-slm/logs/stress_ng_cpu_matrix_temp_07_20250924_123053.log,,,
2025-09-24T12:39:13.753641,stress_cpu_matrix,qwen05,/mnt/i1data/i1-edge-ai-slm/models/qwen2.5-0.5b-instruct-q4_k_m.gguf,llama.cpp/llama-completion,CPU,0.7,192,2048,class_001,closed,1,"Classify the following request as one of: urgent, normal, low. Request: The system temperature is increasing and inference latency is above the expected threshold. Answer only with the class.",urgent,urgent,urgent,1.0,1.0,,15.3274,1962.79,10391.54,58,5.58,444.62,1,2.25,10844.13,10836.16,12798.95,0,0,/mnt/i1data/i1-edge-ai-slm/logs/qwen_benchmark_final_raw/qwen05_baseline_cpu_final_temp_07_class_001_run1_20250924_123059.txt,stress-ng cpu matrixprod,2,/mnt/i1data/i1-edge-ai-slm/logs/stress_ng_cpu_matrix_temp_07_20250924_123053.log,,,
2025-09-24T12:39:29.097870,stress_cpu_matrix,qwen05,/mnt/i1data/i1-edge-ai-slm/models/qwen2.5-0.5b-instruct-q4_k_m.gguf,llama.cpp/llama-completion,CPU,0.7,192,2048,class_001,closed,2,"Classify the following request as one of: urgent, normal, low. Request: The system temperature is increasing and inference latency is above the expected threshold. Answer only with the class.",urgent,urgent,urgent,1.0,1.0,,15.3404,1977.33,10299.94,58,5.63,445.27,1,2.25,10752.46,10745.21,12722.54,0,0,/mnt/i1data/i1-edge-ai-slm/logs/qwen_benchmark_final_raw/qwen05_baseline_cpu_final_temp_07_class_001_run2_20250924_123059.txt,stress-ng cpu matrixprod,2,/mnt/i1data/i1-edge-ai-slm/logs/stress_ng_cpu_matrix_temp_07_20250924_123053.log,,,
2025-09-24T12:39:44.429499,stress_cpu_matrix,qwen05,/mnt/i1data/i1-edge-ai-slm/models/qwen2.5-0.5b-instruct-q4_k_m.gguf,llama.cpp/llama-completion,CPU,0.7,192,2048,class_001,closed,3,"Classify the following request as one of: urgent, normal, low. Request: The system temperature is increasing and inference latency is above the expected threshold. Answer only with the class.",urgent,urgent,urgent,1.0,1.0,,15.3277,1902.08,10315.32,58,5.62,446.74,1,2.24,10769.92,10762.06,12664.14,0,0,/mnt/i1data/i1-edge-ai-slm/logs/qwen_benchmark_final_raw/qwen05_baseline_cpu_final_temp_07_class_001_run3_20250924_123059.txt,stress-ng cpu matrixprod,2,/mnt/i1data/i1-edge-ai-slm/logs/stress_ng_cpu_matrix_temp_07_20250924_123053.log,,,
2025-09-24T12:39:59.610321,stress_cpu_matrix,qwen05,/mnt/i1data/i1-edge-ai-slm/models/qwen2.5-0.5b-instruct-q4_k_m.gguf,llama.cpp/llama-completion,CPU,0.7,192,2048,rt_001,closed,1,A model response must arrive within 3 seconds. The measured inference time is 4.2 seconds. Did the system meet the deadline? Answer only yes or no.,no,no,Yes.,0.0,0.0,,15.1769,1900.42,9694.03,55,5.67,900.9,2,2.22,10603.2,10144.48,12044.9,0,0,/mnt/i1data/i1-edge-ai-slm/logs/qwen_benchmark_final_raw/qwen05_baseline_cpu_final_temp_07_rt_001_run1_20250924_123059.txt,stress-ng cpu matrixprod,2,/mnt/i1data/i1-edge-ai-slm/logs/stress_ng_cpu_matrix_temp_07_20250924_123053.log,,,
2025-09-24T12:40:14.273008,stress_cpu_matrix,qwen05,/mnt/i1data/i1-edge-ai-slm/models/qwen2.5-0.5b-instruct-q4_k_m.gguf,llama.cpp/llama-completion,CPU,0.7,192,2048,rt_001,closed,2,A model response must arrive within 3 seconds. The measured inference time is 4.2 seconds. Did the system meet the deadline? Answer only yes or no.,no,no,Yes.,0.0,0.0,,14.6589,1814.82,9684.63,55,5.68,548.76,2,3.64,10245.51,9959.01,11773.83,0,0,/mnt/i1data/i1-edge-ai-slm/logs/qwen_benchmark_final_raw/qwen05_baseline_cpu_final_temp_07_rt_001_run2_20250924_123059.txt,stress-ng cpu matrixprod,2,/mnt/i1data/i1-edge-ai-slm/logs/stress_ng_cpu_matrix_temp_07_20250924_123053.log,,,
2025-09-24T12:40:29.372750,stress_cpu_matrix,qwen05,/mnt/i1data/i1-edge-ai-slm/models/qwen2.5-0.5b-instruct-q4_k_m.gguf,llama.cpp/llama-completion,CPU,0.7,192,2048,rt_001,closed,3,A model response must arrive within 3 seconds. The measured inference time is 4.2 seconds. Did the system meet the deadline? Answer only yes or no.,no,no,Yes.,0.0,0.0,,15.0954,1865.36,9790.99,55,5.62,892.48,2,2.24,10692.37,10237.23,12102.59,0,0,/mnt/i1data/i1-edge-ai-slm/logs/qwen_benchmark_final_raw/qwen05_baseline_cpu_final_temp_07_rt_001_run3_20250924_123059.txt,stress-ng cpu matrixprod,2,/mnt/i1data/i1-edge-ai-slm/logs/stress_ng_cpu_matrix_temp_07_20250924_123053.log,,,
2025-09-24T12:40:43.442198,stress_cpu_matrix,qwen05,/mnt/i1data/i1-edge-ai-slm/models/qwen2.5-0.5b-instruct-q4_k_m.gguf,llama.cpp/llama-completion,CPU,0.7,192,2048,rt_002,closed,1,A model response must arrive within 5 seconds. The measured inference time is 2.8 seconds. Did the system meet the deadline? Answer only yes or no.,yes,yes,No,0.0,0.0,,14.0651,1573.31,9649.09,55,5.7,279.28,1,3.58,9941.05,9928.37,11501.68,0,0,/mnt/i1data/i1-edge-ai-slm/logs/qwen_benchmark_final_raw/qwen05_baseline_cpu_final_temp_07_rt_002_run1_20250924_123059.txt,stress-ng cpu matrixprod,2,/mnt/i1data/i1-edge-ai-slm/logs/stress_ng_cpu_matrix_temp_07_20250924_123053.log,,,
2025-09-24T12:40:57.906728,stress_cpu_matrix,qwen05,/mnt/i1data/i1-edge-ai-slm/models/qwen2.5-0.5b-instruct-q4_k_m.gguf,llama.cpp/llama-completion,CPU,0.7,192,2048,rt_002,closed,2,A model response must arrive within 5 seconds. The measured inference time is 2.8 seconds. Did the system meet the deadline? Answer only yes or no.,yes,yes,Yes,1.0,1.0,,14.4602,1637.65,9751.61,55,5.64,271.01,1,3.69,10029.47,10022.62,11660.27,0,0,/mnt/i1data/i1-edge-ai-slm/logs/qwen_benchmark_final_raw/qwen05_baseline_cpu_final_temp_07_rt_002_run2_20250924_123059.txt,stress-ng cpu matrixprod,2,/mnt/i1data/i1-edge-ai-slm/logs/stress_ng_cpu_matrix_temp_07_20250924_123053.log,,,
2025-09-24T12:41:12.642800,stress_cpu_matrix,qwen05,/mnt/i1data/i1-edge-ai-slm/models/qwen2.5-0.5b-instruct-q4_k_m.gguf,llama.cpp/llama-completion,CPU,0.7,192,2048,rt_002,closed,3,A model response must arrive within 5 seconds. The measured inference time is 2.8 seconds. Did the system meet the deadline? Answer only yes or no.,yes,yes,Yes.,0.0,1.0,,14.7317,1745.4,9675.68,55,5.68,912.49,2,2.19,10596.44,10131.925,11877.325,0,0,/mnt/i1data/i1-edge-ai-slm/logs/qwen_benchmark_final_raw/qwen05_baseline_cpu_final_temp_07_rt_002_run3_20250924_123059.txt,stress-ng cpu matrixprod,2,/mnt/i1data/i1-edge-ai-slm/logs/stress_ng_cpu_matrix_temp_07_20250924_123053.log,,,
2025-09-24T12:41:29.670068,stress_cpu_matrix,qwen05,/mnt/i1data/i1-edge-ai-slm/models/qwen2.5-0.5b-instruct-q4_k_m.gguf,llama.cpp/llama-completion,CPU,0.7,192,2048,disc_001,discursive,1,What does CPU pinning mean? Answer in one short sentence.,cpu core,CPU pinning assigns a process or thread to a specific CPU core to reduce scheduling variability.,CPU pinning refers to the process of directing the CPU's instructions to specific memory locations on the CPU's memory module.,,,0.5,17.0227,1792.53,5999.38,34,5.67,6603.68,24,3.63,12689.46,6274.5333,8067.0633,0,0,/mnt/i1data/i1-edge-ai-slm/logs/qwen_benchmark_final_raw/qwen05_baseline_cpu_final_temp_07_disc_001_run1_20250924_123059.txt,stress-ng cpu matrixprod,2,/mnt/i1data/i1-edge-ai-slm/logs/stress_ng_cpu_matrix_temp_07_20250924_123053.log,0.3828,0.4274,0.406
2025-09-24T12:41:51.271562,stress_cpu_matrix,qwen05,/mnt/i1data/i1-edge-ai-slm/models/qwen2.5-0.5b-instruct-q4_k_m.gguf,llama.cpp/llama-completion,CPU,0.7,192,2048,disc_001,discursive,2,What does CPU pinning mean? Answer in one short sentence.,cpu core,CPU pinning assigns a process or thread to a specific CPU core to reduce scheduling variability.,CPU pinning refers to the process of physically limiting the number of pins on a CPU's memory bus to ensure optimal performance and efficiency.,,,0.5,21.5969,1758.79,6027.35,34,5.64,11321.34,27,2.38,17397.7,6446.6589,8205.4489,0,0,/mnt/i1data/i1-edge-ai-slm/logs/qwen_benchmark_final_raw/qwen05_baseline_cpu_final_temp_07_disc_001_run2_20250924_123059.txt,stress-ng cpu matrixprod,2,/mnt/i1data/i1-edge-ai-slm/logs/stress_ng_cpu_matrix_temp_07_20250924_123053.log,0.3396,0.4013,0.3713
2025-09-24T12:42:08.515617,stress_cpu_matrix,qwen05,/mnt/i1data/i1-edge-ai-slm/models/qwen2.5-0.5b-instruct-q4_k_m.gguf,llama.cpp/llama-completion,CPU,0.7,192,2048,disc_001,discursive,3,What does CPU pinning mean? Answer in one short sentence.,cpu core,CPU pinning assigns a process or thread to a specific CPU core to reduce scheduling variability.,CPU pinning refers to the practice of modifying processor instructions to increase performance by pinning specific instructions to a single execution unit.,,,0.5,17.2394,1742.17,6047.64,34,5.62,6792.85,25,3.68,12892.29,6319.354,8061.524,0,0,/mnt/i1data/i1-edge-ai-slm/logs/qwen_benchmark_final_raw/qwen05_baseline_cpu_final_temp_07_disc_001_run3_20250924_123059.txt,stress-ng cpu matrixprod,2,/mnt/i1data/i1-edge-ai-slm/logs/stress_ng_cpu_matrix_temp_07_20250924_123053.log,0.3986,0.4314,0.4159
2025-09-24T12:42:30.391722,stress_cpu_matrix,qwen05,/mnt/i1data/i1-edge-ai-slm/models/qwen2.5-0.5b-instruct-q4_k_m.gguf,llama.cpp/llama-completion,CPU,0.7,192,2048,disc_002,discursive,1,What is latency in real-time systems? Answer in one short sentence.,response time,Latency is the time delay between an input event and the corresponding system response.,Latency in real-time systems refers to the delay between when a system receives information and when it generates the next response.,,,1.0,21.8714,2030.06,6463.42,35,5.42,10710.72,24,2.24,17212.72,6909.7,8939.76,0,0,/mnt/i1data/i1-edge-ai-slm/logs/qwen_benchmark_final_raw/qwen05_baseline_cpu_final_temp_07_disc_002_run1_20250924_123059.txt,stress-ng cpu matrixprod,2,/mnt/i1data/i1-edge-ai-slm/logs/stress_ng_cpu_matrix_temp_07_20250924_123053.log,0.5201,0.6717,0.5955
2025-09-24T12:42:54.688110,stress_cpu_matrix,qwen05,/mnt/i1data/i1-edge-ai-slm/models/qwen2.5-0.5b-instruct-q4_k_m.gguf,llama.cpp/llama-completion,CPU,0.7,192,2048,disc_002,discursive,2,What is latency in real-time systems? Answer in one short sentence.,response time,Latency is the time delay between an input event and the corresponding system response.,Latency in real-time systems refers to the time delay between when a request is sent to a real-time system and when it is received or processed.,,,0.5,24.2917,1745.32,6274.72,35,5.58,13558.12,30,2.21,19872.66,6726.6573,8471.9773,0,0,/mnt/i1data/i1-edge-ai-slm/logs/qwen_benchmark_final_raw/qwen05_baseline_cpu_final_temp_07_disc_002_run2_20250924_123059.txt,stress-ng cpu matrixprod,2,/mnt/i1data/i1-edge-ai-slm/logs/stress_ng_cpu_matrix_temp_07_20250924_123053.log,0.4404,0.6474,0.5427
2025-09-24T12:43:16.441497,stress_cpu_matrix,qwen05,/mnt/i1data/i1-edge-ai-slm/models/qwen2.5-0.5b-instruct-q4_k_m.gguf,llama.cpp/llama-completion,CPU,0.7,192,2048,disc_002,discursive,3,What is latency in real-time systems? Answer in one short sentence.,response time,Latency is the time delay between an input event and the corresponding system response.,"Latency in real-time systems refers to the time delay between the arrival of a request and the response, affecting system performance and user experience.",,,1.0,21.7485,1948.59,6251.86,35,5.6,10842.06,28,2.58,17165.43,6639.0764,8587.6664,0,0,/mnt/i1data/i1-edge-ai-slm/logs/qwen_benchmark_final_raw/qwen05_baseline_cpu_final_temp_07_disc_002_run3_20250924_123059.txt,stress-ng cpu matrixprod,2,/mnt/i1data/i1-edge-ai-slm/logs/stress_ng_cpu_matrix_temp_07_20250924_123053.log,0.4895,0.7075,0.597
2025-09-24T12:43:35.190983,stress_cpu_matrix,qwen05,/mnt/i1data/i1-edge-ai-slm/models/qwen2.5-0.5b-instruct-q4_k_m.gguf,llama.cpp/llama-completion,CPU,0.7,192,2048,disc_003,discursive,1,Explain in two short sentences why CPU interference can increase inference latency on an embedded board.,cpu cache memory,"CPU interference can increase inference latency because the model shares cores, caches and memory bandwidth with other processes. This contention delays prompt processing and token generation.","CPU interference can increase inference latency on an embedded board because it can cause unnecessary computations and data dependencies between components, leading to increased processing time.",,,0.3333,18.7442,1659.66,6853.98,39,5.69,7654.0,28,3.66,14581.45,7127.3371,8786.9971,0,0,/mnt/i1data/i1-edge-ai-slm/logs/qwen_benchmark_final_raw/qwen05_baseline_cpu_final_temp_07_disc_003_run1_20250924_123059.txt,stress-ng cpu matrixprod,2,/mnt/i1data/i1-edge-ai-slm/logs/stress_ng_cpu_matrix_temp_07_20250924_123053.log,0.422,0.3732,0.3985
2025-09-24T12:44:09.854970,stress_cpu_matrix,qwen05,/mnt/i1data/i1-edge-ai-slm/models/qwen2.5-0.5b-instruct-q4_k_m.gguf,llama.cpp/llama-completion,CPU,0.7,192,2048,disc_003,discursive,2,Explain in two short sentences why CPU interference can increase inference latency on an embedded board.,cpu cache memory,"CPU interference can increase inference latency because the model shares cores, caches and memory bandwidth with other processes. This contention delays prompt processing and token generation.","CPU interference can increase inference latency on an embedded board due to increased clock frequencies, which can lead to more frequent clock toggles and faster frequency changes, which can cause a delay in the timing of instructions, leading to increased latency in inference.",,,0.3333,34.6588,2301.64,7010.99,39,5.56,22289.06,48,2.15,29364.29,7475.3454,9776.9854,0,0,/mnt/i1data/i1-edge-ai-slm/logs/qwen_benchmark_final_raw/qwen05_baseline_cpu_final_temp_07_disc_003_run2_20250924_123059.txt,stress-ng cpu matrixprod,2,/mnt/i1data/i1-edge-ai-slm/logs/stress_ng_cpu_matrix_temp_07_20250924_123053.log,0.3536,0.3395,0.3476
2025-09-24T12:44:40.303591,stress_cpu_matrix,qwen05,/mnt/i1data/i1-edge-ai-slm/models/qwen2.5-0.5b-instruct-q4_k_m.gguf,llama.cpp/llama-completion,CPU,0.7,192,2048,disc_003,discursive,3,Explain in two short sentences why CPU interference can increase inference latency on an embedded board.,cpu cache memory,"CPU interference can increase inference latency because the model shares cores, caches and memory bandwidth with other processes. This contention delays prompt processing and token generation.","CPU interference can increase inference latency on an embedded board because it can cause the CPU to run slower and take longer to respond to instructions, which can slow down the processing of data and the execution of instructions on the board.",,,0.3333,30.4437,1781.0,6861.92,39,5.68,18880.17,44,2.33,25810.08,7291.0148,9072.0148,0,0,/mnt/i1data/i1-edge-ai-slm/logs/qwen_benchmark_final_raw/qwen05_baseline_cpu_final_temp_07_disc_003_run3_20250924_123059.txt,stress-ng cpu matrixprod,2,/mnt/i1data/i1-edge-ai-slm/logs/stress_ng_cpu_matrix_temp_07_20250924_123053.log,0.3367,0.3308,0.3348
2025-09-24T12:45:52.502800,stress_cpu_matrix,qwen05,/mnt/i1data/i1-edge-ai-slm/models/qwen2.5-0.5b-instruct-q4_k_m.gguf,llama.cpp/llama-completion,CPU,0.7,192,2048,disc_004,discursive,1,Explain the difference between throughput and latency in AI inference using one short paragraph.,throughput latency,"Latency measures how long one inference takes from input to output, while throughput measures how many tokens or requests are processed per unit of time. A system can have high throughput but still be unsuitable for real-time use if individual responses arrive too late.","Throughput refers to the number of tasks or data samples processed in a given time period, typically measured in units such as ""per second"" or ""per minute"". It represents the rate at which data is processed by the AI system, indicating how many data samples can be processed per second or per minute. Latency, on the other hand, is the time required to complete a task or data sample, measured in units such as ""seconds"" or ""minutes"". Latency reflects the time it takes for the data to be processed by the AI system, which can be influenced by factors such as network latency and the size of the data being processed. Throughput is more relevant for performance measures, while latency is important for efficiency in terms of processing time.",,,1.0,72.194,1646.41,6547.16,37,5.65,61157.48,151,2.47,67954.75,6952.1764,8598.5864,0,0,/mnt/i1data/i1-edge-ai-slm/logs/qwen_benchmark_final_raw/qwen05_baseline_cpu_final_temp_07_disc_004_run1_20250924_123059.txt,stress-ng cpu matrixprod,2,/mnt/i1data/i1-edge-ai-slm/logs/stress_ng_cpu_matrix_temp_07_20250924_123053.log,0.08,0.1833,0.1325
2025-09-24T12:47:25.811216,stress_cpu_matrix,qwen05,/mnt/i1data/i1-edge-ai-slm/models/qwen2.5-0.5b-instruct-q4_k_m.gguf,llama.cpp/llama-completion,CPU,0.7,192,2048,disc_004,discursive,2,Explain the difference between throughput and latency in AI inference using one short paragraph.,throughput latency,"Latency measures how long one inference takes from input to output, while throughput measures how many tokens or requests are processed per unit of time. A system can have high throughput but still be unsuitable for real-time use if individual responses arrive too late.","Throughput refers to the number of tasks that can be executed per unit of time, typically measured in megaflops (Mflops) or teraflops (Tflops). It represents the rate at which computations can be performed, with more throughput means more tasks can be executed in the same amount of time. Latency, on the other hand, refers to the time it takes for a task to complete. In AI inference, latency is the time it takes for the AI to process and deliver the results, which is measured in milliseconds (ms) or microseconds (us). High latency means that a task takes longer to complete, which can result in slower performance and more complex workflows. In summary, throughput measures the capability to perform tasks efficiently, while latency measures the time it takes to complete tasks. High throughput and low latency are desirable in AI inference to achieve optimal performance and efficiency.",,,1.0,93.3025,1942.29,6714.16,37,5.51,81904.29,179,2.19,88874.25,7171.7259,9114.0159,0,0,/mnt/i1data/i1-edge-ai-slm/logs/qwen_benchmark_final_raw/qwen05_baseline_cpu_final_temp_07_disc_004_run2_20250924_123059.txt,stress-ng cpu matrixprod,2,/mnt/i1data/i1-edge-ai-slm/logs/stress_ng_cpu_matrix_temp_07_20250924_123053.log,0.0471,0.2166,0.1319
2025-09-24T12:48:22.514809,stress_cpu_matrix,qwen05,/mnt/i1data/i1-edge-ai-slm/models/qwen2.5-0.5b-instruct-q4_k_m.gguf,llama.cpp/llama-completion,CPU,0.7,192,2048,disc_004,discursive,3,Explain the difference between throughput and latency in AI inference using one short paragraph.,throughput latency,"Latency measures how long one inference takes from input to output, while throughput measures how many tokens or requests are processed per unit of time. A system can have high throughput but still be unsuitable for real-time use if individual responses arrive too late.","Throughput refers to the amount of data that can be processed or analyzed per unit of time, while latency refers to the time it takes to complete the processing or analysis. In AI inference, throughputs are crucial for determining the performance of an AI system, as they measure the number of inputs that can be processed in a given time frame. Latency, on the other hand, is more related to the time it takes to complete the processing or analysis, which is more important for the real-time application.",,,1.0,56.6978,2065.84,6726.52,37,5.5,45083.47,101,2.24,51951.81,7172.891,9238.731,0,0,/mnt/i1data/i1-edge-ai-slm/logs/qwen_benchmark_final_raw/qwen05_baseline_cpu_final_temp_07_disc_004_run3_20250924_123059.txt,stress-ng cpu matrixprod,2,/mnt/i1data/i1-edge-ai-slm/logs/stress_ng_cpu_matrix_temp_07_20250924_123053.log,0.2513,0.2751,0.2643
